Id,gripForce
0,46.61541348555513
1,53.2792845438775
2,31.93522269063085
3,43.481271767950865
4,34.84392179248542
5,54.21261824773002
6,30.896708297848622
7,51.78263174821513
8,29.984284734594105
9,41.20887055908285
10,60.26822248189767
11,52.13888838361885
12,53.13123303925146
13,55.670108375913095
14,47.98219937533599
15,33.49355510780637
16,54.2762721368339
17,28.84875052702526
18,52.629603485412666
19,30.703620447989802
20,36.73349603290532
21,51.61661259469445
22,46.044771150044554
23,48.06414958497535
24,30.947892128061408
25,47.207141335871114
26,36.873876038139755
27,36.75029676168354
28,46.83269268646577
29,49.0167185322241
30,49.82865516001982
31,41.21738590515417
32,35.31816092332115
33,54.1056110396491
34,32.64697991508792
35,45.97915566296335
36,37.60542269492527
37,53.74042080863857
38,32.362200728599376
39,47.22239459210076
40,57.129781205306855
41,52.942284207898766
42,35.80497863376553
43,53.6397332567017
44,49.568365373019
45,52.154607299524216
46,52.594905698272484
47,46.90442107462167
48,51.404741563639185
49,48.50653934293138
50,33.67204523373467
51,53.661052365302524
52,28.984118707339768
53,55.46726215462749
54,34.161311881883805
55,51.79622539805123
56,29.93488891051436
57,49.07643096064859
58,35.77453613770291
59,31.262635189005852
60,42.79424105543764
61,48.3642920101666
62,33.29660902101918
63,30.990727789367195
64,43.87312832922908
65,33.00708515166337
66,38.672072910942376
67,49.208121365991005
68,56.95542633001615
69,40.45034988363785
70,32.01210961610116
71,47.20421247587446
72,49.63280299686139
73,47.785413944599355
74,34.183454249255725
75,57.758702698854236
76,47.08504508543567
77,46.7296523764917
78,55.619002946993604
79,49.530100818595535
80,30.275513228443497
81,48.40424944112272
82,29.366553790283188
83,32.3495965941613
84,29.505682047496528
85,50.50833487408503
86,28.79401481276938
87,52.84200466277508
88,52.35249338384848
89,31.316084905605987
90,25.021957876417748
91,46.656654123294835
92,30.021515609733516
93,32.50702037244233
94,50.146257214242404
95,32.40421748279242
96,56.59429894081962
97,48.22559995303593
98,54.75568059095481
99,51.93000864348108
100,54.46139197583358
101,48.887060191159655
102,64.37441822853047
103,39.08164421475112
104,54.041386388926135
105,47.65676975020881
106,49.9313532341291
107,45.59843189645218
108,31.156467690158735
109,48.2997931494981
110,30.983667061934792
111,30.917259780364432
112,48.53286948425121
113,51.23388260677482
114,31.52581552473836
115,33.14816744928853
116,53.8606273609277
117,52.868059862119594
118,49.68479604683993
119,42.91406836703358
120,42.06019085111439
121,47.49122435014045
122,56.11508867993704
123,61.30908277085165
124,50.77785330900703
125,57.193841582102564
126,28.75404135651206
127,45.77100407283088
128,52.15184546486085
129,44.704258251379756
130,29.99029086535853
131,30.711629206973015
132,34.71122058325802
133,54.63116086754582
134,52.67226616272841
135,56.621314865828296
136,56.01457567555053
137,52.96046736198522
138,55.45228619478223
139,52.17153736972539
140,29.360547898645574
141,33.25608757118549
142,29.835229354823056
143,53.81123708927278
144,52.81592888123565
145,48.21504968987063
146,33.16311359052635
147,26.39680405629821
148,28.76588555816887
149,58.73834144033061
150,34.8970639227606
151,45.478047775264436
152,40.14141800168163
153,53.85079485903219
154,31.22160803779418
155,59.879253900939766
156,28.356097273284746
157,56.15012675559549
158,47.94499566813524
159,55.90041277206392
160,32.894518020823895
161,37.364152134506455
162,26.844308003969047
163,56.718036513282286
164,55.23681129378127
165,28.966748781422325
166,30.493433082373755
167,43.856034145982285
168,35.66614088807065
169,46.91671475165056
170,33.17826805222994
171,54.21145210169494
172,53.60033466049212
173,25.029212854985023
174,43.372530143518176
175,46.66661043522522
176,47.338927534278646
177,44.52585133751839
178,53.701389960334765
179,52.94447020551291
180,49.985551036349854
181,44.90830216883972
182,50.946285905906386
183,57.61517855925856
184,51.285036649906395
185,58.407434998149746
186,31.571251983943956
187,49.368251813231865
188,51.21764241224813
189,47.97790461862961
190,53.43353276089593
191,41.586256582221054
192,49.42399091392417
193,52.2580050919963
194,36.1611594414893
195,50.91454634657448
196,27.84745796801078
197,37.95561297201224
198,36.70836416246322
199,29.79104579832098
200,34.239355323511425
201,50.67588677508073
202,33.53473949567443
203,44.0629008415578
204,55.118294247272516
205,46.99559104923378
206,46.28832313953196
207,53.86363571259924
208,27.730017342172996
209,53.29252855644219
210,34.59463786854904
211,50.647437680131674
212,36.53607481184144
213,59.158509966359205
214,26.22004052242466
215,49.14544915632801
216,49.01067366332121
217,51.26439419205047
218,36.70516341690726
219,54.62735404387277
220,56.9408482171153
221,28.445181256337197
222,31.447859422647166
223,50.65740576488572
224,52.54275488308761
225,52.897526108194214
226,32.488682324353505
227,50.56401257012072
228,52.808009053660136
229,47.93961513435645
230,56.423328315633405
231,31.04542182339691
232,51.25014833972099
233,45.65140399717078
234,49.458852327870936
235,40.9649401583099
236,50.96797506242789
237,58.19914735483831
238,38.461069334620824
239,55.94026408538898
240,25.41509882568283
241,25.34449059512009
242,50.42938636245323
243,42.70819695290256
244,49.37617292076814
245,48.88870286449542
246,50.818725715529865
247,54.357531453344045
248,53.85856321462408
249,49.147255344930414
250,29.2883245183847
251,50.16226721817984
252,39.797533547786934
253,33.336367104365706
254,58.04561072459217
255,27.689715695215487
256,48.05451293204062
257,49.25063219087174
258,53.726561290932715
259,53.34215857663125
260,39.26583528710208
261,32.83500673944877
262,31.3882347749656
263,29.032100579626086
264,31.70575775949839
265,52.12635093156827
266,32.824606358476515
267,32.64971193379434
268,52.716874599454854
269,46.66408764988921
270,44.53814985669215
271,37.74131391701371
272,47.0082738406866
273,33.33497636547228
274,33.82429600119513
275,50.42112719867777
276,35.15256986913935
277,47.73591726441959
278,31.66977381641221
279,36.3754505110282
280,24.370084823958994
281,36.30101181044057
282,42.7984893137974
283,31.25449020659551
284,29.434525380632646
285,58.608639942180545
286,45.4574267241463
287,52.76087638342391
288,52.419401939669
289,52.462867119008884
290,49.167146339998006
291,33.5083365469613
292,46.77581567432286
293,33.102587518078664
294,52.238053184016664
295,44.187175629740466
296,48.02917281056942
297,28.6637958248902
298,46.756432862692186
299,50.678257643636094
300,32.897023442031376
301,51.53643973344567
302,52.96259751860384
303,52.40656541167365
304,50.24974200782693
305,52.861879079886386
306,30.88224631587591
307,38.321198916373255
308,49.05248927809677
309,48.660140966199016
310,46.8407497981363
311,51.33592170922561
312,48.072617305764105
313,29.50032348653459
314,33.55924011345627
315,53.394976362032374
316,56.47003242295774
317,52.450919384291424
318,33.88739905765838
319,32.33037123532953
320,59.76690489212578
321,29.881687970480865
322,37.09822920317747
323,28.089039017305414
324,28.37827701221814
325,27.584952680145232
326,30.471534847686797
327,47.34579818488656
328,49.26764432827773
329,47.49810263427739
330,48.341978497903945
331,32.44807475255567
332,59.367422277447574
333,28.886377808409335
334,43.09628729756745
335,50.51607181038673
336,55.125540206282835
337,49.918753796670266
338,47.61059688292214
339,27.59429266081154
340,48.52820423854827
341,35.88167222622748
342,60.86398061349645
343,53.99159798245599
344,35.348121546352864
345,46.4889845301774
346,56.08636331327759
347,56.215120921973394
348,54.58388633780923
349,50.90116880478668
350,56.016512263197356
351,34.981200089933765
352,48.41186017203388
353,49.07835044950609
354,31.615268242971336
355,27.87736005259718
356,49.092738277916666
357,55.90992590690329
358,25.821253278926854
359,51.70057782460301
360,38.764326512068706
361,41.08194521072269
362,49.0382637448887
363,48.56596632127035
364,55.86910973702441
365,50.68053822444478
366,28.883228198753894
367,48.59273666750839
368,41.094785852771935
369,51.74422899765169
370,25.264072743243503
371,48.316345287602374
372,31.034931423482
373,53.30732137791632
374,35.015757619000645
375,51.54800764572592
376,56.55957880253252
377,26.72181285543441
378,49.44924132601952
379,50.59088463594633
380,46.03620264160051
381,50.425276341739696
382,55.29899513660595
383,28.061226299588906
384,31.563636523427988
385,42.71905550767391
386,47.940410173384535
387,51.661801044920104
388,54.43897471138468
389,51.17887763480476
390,52.68935457182163
391,31.690502491677933
392,54.35928054102476
393,51.17174449452473
394,48.11017478442562
395,30.864963221284953
396,50.78645417752423
397,38.29495842229577
398,34.51205555655401
399,52.32519363810934
400,59.98938264641109
401,53.14103171633106
402,27.158650667404313
403,51.556120894408025
404,51.29915385483721
405,48.77088839790498
406,23.14098466934266
407,58.311986474023534
408,28.34991060512544
409,44.353485370581026
410,47.850338301907435
411,47.195265016014886
412,35.711297901501894
413,56.02225054300443
414,50.5717314851818
415,43.737037432831286
416,50.062890119632996
417,52.288471321879705
418,44.85795632585635
419,52.5672587224774
420,46.77085004780914
421,49.611912271600154
422,33.403533941552695
423,53.850649965699674
424,49.47584525006393
425,47.271583030450465
426,36.588318674918845
427,52.69368317224831
428,55.14182884374237
429,56.70737678072834
430,27.178573729693394
431,33.079199795713066
432,35.87664400637266
433,36.882653665080184
434,29.38750586878964
435,42.226040397452095
436,28.292565342575333
437,57.66771643891541
438,30.693929556154753
439,29.6454033922342
440,41.75858659383222
441,47.10508074371702
442,53.988121007271396
443,61.438304156840225
444,39.11076536881085
445,33.77988578605474
446,43.413911021604925
447,45.919233393509806
448,27.1439358913887
449,52.14097834488098
450,35.57011691317956
451,46.60207633082481
452,54.56942235418159
453,48.00113390768474
454,35.63381150375015
455,30.404093301382915
456,43.32034904341524
457,40.13690969784183
458,52.11438225345673
459,54.708917457133126
460,52.36688781857708
461,54.80809386324611
462,52.52955516916391
463,54.164758780028244
464,55.064759836745964
465,26.183203268968324
466,35.98140462187253
467,31.806304472797848
468,55.830022144777395
469,54.76524717115151
470,41.11927093933932
471,48.15744868528206
472,50.820500667171146
473,38.440244801580214
474,49.89242576469254
475,54.153310802520444
476,55.961663229647804
477,51.55844569950041
478,38.64080841409538
479,50.247893272208714
480,30.91552992352325
481,27.961920741232383
482,55.03609604212928
483,28.21235803311525
484,33.58843469809057
485,43.26982498042534
486,35.70820295800964
487,58.056698771532524
488,30.038357960166742
489,61.2187760399994
490,48.49362412944452
491,51.33454541557635
492,48.00220889181483
493,44.55404244878943
494,49.86533673925887
495,32.83819143922678
496,44.09354340425311
497,26.688379749094118
498,53.254962892069244
499,46.8115490100691
500,53.72741309865077
501,51.9675707846628
502,47.82189779101725
503,34.60613580538256
504,43.44244754586713
505,54.873327985981284
506,49.52734925606658
507,37.14810992819915
508,50.18520236488535
509,32.830150810484
510,31.58307304772649
511,53.721114314471606
512,52.696143734416786
513,48.61013688558859
514,50.6994116660687
515,47.37314682857636
516,28.709514769974525
517,46.36609586284326
518,50.534904472460404
519,37.47916344092091
520,49.388650919354006
521,54.861358050279875
522,35.09431591426421
523,51.03918839884373
524,47.729567503050895
525,27.455961193097718
526,47.76492595145229
527,56.78831386629228
528,50.75885391056767
529,51.86356791208726
530,49.90697333175515
531,45.281513325449204
532,42.41366022590804
533,45.646532980879186
534,30.686023117522275
535,30.539036695169635
536,41.206800319838486
537,51.439784468404774
538,51.08418569502329
539,44.34499322537276
540,52.77148819397754
541,49.073637131359746
542,53.794088055287986
543,46.05317962203988
544,43.81980289068816
545,30.056480222280126
546,28.516530591815613
547,30.108859675565828
548,33.13769029978782
549,51.248692169411314
550,51.946655379895944
551,33.57754814735475
552,30.869015090429475
553,57.980774784811125
554,30.41432214523209
555,51.102658575403424
556,27.99969852643526
557,47.88507852779148
558,27.728812297651835
559,44.30322997688776
560,53.18974297643409
561,58.20634786051819
562,48.15707935822824
563,36.42685585619323
564,53.31733774413542
565,32.12207359213951
566,20.247692304833173
567,50.73855074758112
568,46.268362799743734
569,53.82892162286058
570,50.76391294209025
571,50.754727860479605
572,46.57099450736723
573,33.28105766489694
574,51.17085892863719
575,52.18955665777225
576,50.95225100197975
577,50.550228904800164
578,30.53916343249523
579,48.76268744322048
580,57.13987234182227
581,32.22290121765713
582,56.247709964894874
583,41.46601284436172
584,54.742957547545856
585,44.268961622931876
586,51.10145321864924
587,56.63460840601115
588,28.005183246964812
589,31.42064341718539
590,53.8069393634783
591,48.82519361135123
592,51.81561616672795
593,50.977916412058576
594,34.91361257530127
595,28.217571061320662
596,56.15222662833738
597,29.623862625729778
598,28.12648926198286
599,34.56231548611108
600,44.371646449864066
601,51.21711789901769
602,48.795857784939265
603,30.782391180755084
604,51.93569418507799
605,33.345074384441084
606,53.495720156858134
607,36.07883861359644
608,47.48542023250467
609,46.34933728883458
610,50.16960729023359
611,33.88564761423195
612,36.68095827768604
613,52.243780290742485
614,26.552521819073004
615,30.698698836441544
616,51.2339343456322
617,31.03145646868959
618,33.77289556588073
619,43.10558860502048
620,52.094856372239825
621,45.28859288058232
622,44.851031537192625
623,52.04339615865047
624,48.865585289732394
625,31.85309461309773
626,50.586737944007744
627,56.96763165976809
628,34.8913703326467
629,51.25407300071212
630,55.49313858242671
631,39.99364523748366
632,53.95283155873435
633,26.65898444620974
634,51.54580681190599
635,30.854651241838088
636,51.61841226180872
637,34.84947995747943
638,44.053401965266076
639,53.05891003332271
640,50.65081323470403
641,52.63718039942761
642,57.302858461805194
643,47.70799319100362
644,32.78136374630628
645,29.41049953684465
646,25.80631125894464
647,52.831552296607214
648,39.035805786109904
649,34.44726372870284
650,56.89354205347677
651,45.331753180748436
652,53.118302186913816
653,47.46555559881273
654,29.611314708760375
655,47.26699064932951
656,55.7325245966387
657,49.58926901731897
658,38.38071010921356
659,32.271156155419845
660,44.48350770397759
661,30.36525470272027
662,30.61643531171972
663,54.82293435820002
664,29.855197822030046
665,32.316832089231895
666,51.823876573000916
667,29.905718491118012
668,53.72027611585365
669,52.91126613873778
670,26.66040254389541
671,59.0945868808413
672,43.71926421948441
673,50.46985984846632
674,55.21517779291298
675,26.32304900147507
676,50.858733728183914
677,32.12237485117815
678,47.698350641906046
679,51.64096434140869
680,56.28846564958327
681,54.06035216479457
682,32.47728851423458
683,44.16020471156082
684,47.52893783672327
685,32.90016621168915
686,40.24963113415008
687,29.98285211691269
688,39.06373340405287
689,30.343664343307424
690,56.80706270101045
691,47.944165901836236
692,52.252054166736116
693,27.630073024149105
694,53.03434326332106
695,33.406455812878214
696,51.28412054425524
697,35.41100384699123
698,53.15938942386926
699,54.382753979023875
700,28.621773045581367
701,54.79767908577744
702,49.877878756282
703,46.33336576014036
704,54.48488676084222
705,34.10172314553306
706,47.787860333560346
707,36.886296886165006
708,44.48480507169082
709,30.992586279650435
710,48.79706833344325
711,34.89760824653801
712,35.38500701465964
713,48.55633419751929
714,51.70434809560283
715,33.25165160199838
716,52.67546605370403
717,48.60228411937039
718,44.205826432279935
719,51.04981012241863
720,49.704708179334496
721,30.00621800178441
722,31.121670107902236
723,32.65494725092504
724,48.78880516053276
725,62.302806634538506
726,51.18147905523619
727,49.76572692523785
728,44.103125632178156
729,42.51437945260041
730,52.786633796998515
731,50.2054207449694
732,34.69506930591191
733,33.51665314345315
734,55.783930020970836
735,33.461280730593614
736,33.83764571210202
737,49.61046239786311
738,34.09531017830365
739,21.225541442370904
740,43.54720401160656
741,51.65791607143224
742,35.67120168957444
743,38.71477231333385
744,53.614537874006004
745,28.801180917840153
746,30.22725704467583
747,51.6802483565478
748,63.219204943260465
749,41.3937526189564
750,53.30093334863097
751,35.063707506620474
752,54.54881297063543
753,33.62396600926264
754,28.980713565331573
755,34.24336698337178
756,50.305692884869146
757,51.05727100762049
758,38.53643196406459
759,29.165729940409243
760,26.075045652289404
761,26.80662219729398
762,45.71587410227039
763,34.09545311642339
764,55.63644711862782
765,45.74375966641769
766,52.24077837283171
767,31.547676068672892
768,28.449464676319312
769,53.56393901507683
770,54.472682558953906
771,60.34866269973134
772,51.4966627353065
773,52.75302218366134
774,50.825268008396044
775,50.16696901410547
776,54.34832629435906
777,26.9558473643498
778,31.0566377208065
779,29.858740718095962
780,45.592617293251905
781,55.75531168022909
782,39.01557018093443
783,31.35691078849942
784,48.48923368780085
785,38.0846904950408
786,54.7779091610736
787,50.25860459092092
788,41.25624843378397
789,50.285947006282385
790,55.24563210728051
791,47.226109498563225
792,52.77961926271332
793,33.199511762855
794,48.06331263732811
795,30.063813360599823
796,58.50530504992699
797,55.296761730697014
798,31.447976236524514
799,49.743144656237355
800,44.55738868234923
801,34.527101406883084
802,54.376058849436184
803,32.93907038805466
804,48.59143580556792
805,34.21631550258642
806,56.039888420975934
807,55.61953716621794
808,42.17889497633112
809,30.68540101819143
810,50.13096288084466
811,53.08677546128659
812,44.88573228881484
813,57.43098599910409
814,48.19642146034036
815,49.67572606453151
816,50.3977258125164
817,60.00828573435953
818,57.62412562766356
819,47.95495825480332
820,46.965258499223566
821,51.54771907805799
822,61.074263123246865
823,45.9414275662196
824,27.26683589259709
825,48.819508504574095
826,48.96391915975579
827,40.64704106271766
828,38.62975625929337
829,33.10801838012517
830,35.77152377723097
831,52.54714706800665
832,47.03826756325729
833,55.1187608611398
834,29.346164101730306
835,43.476895382500736
836,42.20018422583232
837,57.06465983879565
838,55.346886054326355
839,50.69482566240873
840,31.793722997249738
841,33.24010438619176
842,35.47768619612043
843,27.18920798663284
844,48.57235710379677
845,51.96968692118118
846,38.34560703741731
847,41.611383130461945
848,25.839913929689672
849,51.73692031462063
850,30.734127411582655
851,49.94176317527784
852,50.210513691643506
853,33.20902024148316
854,44.042858091996344
855,62.6114903760315
856,47.74225343240292
857,33.424823326637544
858,35.0525399158253
859,32.40834040557179
860,34.87666333234789
861,51.1366983487812
862,52.41668259991446
863,34.018439568097705
864,44.28198120978653
865,46.76090876652369
866,34.1942033861827
867,51.5837691362198
868,52.2242584341987
869,52.621581766621546
870,49.80439488151543
871,53.47606085704423
872,49.04567848004573
873,35.72880849028522
874,30.027934531210203
875,52.13486993213128
876,27.09999947041946
877,48.18308324646589
878,33.36383052610281
879,49.4901141576674
880,31.143904945643992
881,36.036182161415866
882,45.228108193182976
883,30.807535102258957
884,53.033210028132274
885,44.01719265240314
886,53.28032034791784
887,45.09158447335697
888,46.91196212198201
889,37.11880209107445
890,41.59738396605908
891,51.203988357205546
892,33.74800496429428
893,45.32002790339564
894,51.033926840207215
895,32.97143575159662
896,55.10084957640203
897,50.46546759789817
898,52.438136650451455
899,52.765561397251396
900,48.105775544710795
901,35.65429490911069
902,29.683681140686875
903,28.776617617686426
904,38.92029786526143
905,50.65995852164872
906,58.247635305409496
907,32.60614976932917
908,53.00473544672929
909,37.72097217890852
910,51.56760860404197
911,54.892023599474776
912,53.50633814429994
913,32.0590929879457
914,53.682059146307225
915,56.7290200911002
916,47.178438036762955
917,52.10432618235592
918,55.077357044533215
919,56.75100842830983
920,33.33210230980916
921,46.309522692780874
922,32.22830402042201
923,28.207140781271352
924,38.1773484392081
925,28.94429815677473
926,52.71984024866492
927,33.316219965176884
928,49.57556827938736
929,27.167797730048267
930,52.21583041591775
931,48.33809838177376
932,58.1004729622497
933,52.236076909856145
934,49.593962952129594
935,55.16394099036085
936,52.054150754122766
937,45.53133829478949
938,44.23812475155676
939,55.89759165712279
940,49.592811683901246
941,45.00148160368682
942,42.287682421742716
943,46.792395037126056
944,49.90488158802371
945,49.13355475943504
946,30.46644946741189
947,35.30584846952876
948,57.545622621141206
949,30.726837915869147
950,49.6849274746011
951,51.63686247240114
952,54.07694204220602
953,27.98426353122964
954,31.18978208524103
955,37.840979601858265
956,29.857057852839567
957,28.48108326825474
958,54.88148615504471
959,31.26580083125713
960,44.28990348687512
961,29.373775281713964
962,30.659056883804887
963,30.639959059944427
964,53.22338199103839
965,35.938963271199896
966,50.632966958013235
967,33.578724695764286
968,47.304332768661624
969,50.17716276401925
970,45.91196910762644
971,52.076827618962376
972,47.68166275525771
973,59.69997488364378
974,55.21707834855991
975,52.56777421616457
976,24.652356730266963
977,59.0630879115118
978,47.09657845476984
979,52.946723777705486
980,27.62707410841533
981,52.97960301517083
982,27.68947998711253
983,45.58517769185947
984,61.8533748243524
985,46.377586313021745
986,50.35363183307974
987,49.7600303015629
988,56.995694022979634
989,53.71819534356792
990,36.37665702681493
991,31.98796570329162
992,53.326125764338734
993,30.434505130839163
994,40.882591199533245
995,38.90210583591447
996,54.79277995776366
997,54.157810348827894
998,51.34207242943233
999,53.73658263192248
1000,51.10212450310434
1001,55.21641423433339
1002,28.784644315999508
1003,47.94288148694038
1004,31.36807473564969
1005,52.40015360928785
1006,56.20733128954333
1007,49.173120310324435
1008,51.922874781151805
1009,54.885201343686695
1010,52.567941072713566
1011,35.945200274775274
1012,48.52920183251243
1013,50.8206799483886
1014,47.936204339373404
1015,51.60929600131365
1016,41.682714836509795
1017,36.36359035290704
1018,58.2502530783465
1019,46.81078307246889
1020,21.581794222300893
1021,55.738662985910175
1022,49.14077963951417
1023,56.082771146244944
1024,32.18061340829538
1025,49.36865546001091
1026,55.16492311621458
1027,50.31308871690832
1028,52.74028752950528
1029,33.54311463870395
1030,50.43993590876576
1031,27.017584522536104
1032,28.21438425119264
1033,55.58242260681472
1034,56.74984742238205
1035,48.5951729364936
1036,33.42364802368032
1037,53.72768840288672
1038,43.50429514554942
1039,34.8813165038002
1040,32.1968615112899
1041,51.345202351136386
1042,57.56063357966198
1043,55.34369712867405
1044,34.11348998357246
1045,45.90170898622196
1046,43.46603615326147
1047,33.117098601921626
1048,51.04242735321683
1049,50.970077805266314
1050,47.278959614731775
1051,29.476925390530884
1052,33.33882660475766
1053,50.14968484828133
1054,55.38313733375365
1055,36.222987186317404
1056,31.021398687663332
1057,27.175440159908828
1058,53.362001612531444
1059,45.16023692966775
1060,25.19283362509042
1061,32.62498528285885
1062,31.330161270909247
1063,52.839166292379964
1064,36.98385700406359
1065,45.56711324108215
1066,57.54439336953342
1067,37.32685915980533
1068,46.414540863445936
1069,52.18915007106548
1070,46.706639334895016
1071,49.16961528273554
1072,30.37931699741203
1073,51.114203797014135
1074,49.8691029423208
1075,53.36906080363007
1076,42.045457057232156
1077,52.05775328924304
1078,31.913726218566815
1079,56.66028532736863
1080,55.87040393407745
1081,43.74430895935111
1082,30.08725301034337
1083,36.13200111301071
1084,57.75823905861965
1085,54.78917883166436
1086,49.31938593956298
1087,43.394451475137586
1088,44.52849116466361
1089,50.43183618811403
1090,50.9534875822917
1091,48.40617865575286
1092,48.193800195091036
1093,50.91483113747386
1094,46.5857876524261
1095,29.979962093412777
1096,28.89108524431059
1097,30.850352670277356
1098,31.286960993008066
1099,42.241540818308486
1100,54.2202521280168
1101,60.506500057480416
1102,32.535368950147706
1103,51.407648819920595
1104,52.04703959073548
1105,29.091831096515612
1106,39.54285906652212
1107,44.876190629924636
1108,34.18076233973969
1109,49.688146281069706
1110,47.93120577343249
1111,52.2485323244181
1112,39.65787654572625
1113,50.82709854446075
1114,48.593172815952585
1115,25.809503710300785
1116,55.61793204335412
1117,37.77111649765403
1118,31.32182108762439
1119,53.458478252926646
1120,50.58855371125778
1121,51.05090002270922
1122,43.38440483579089
1123,49.52983299266053
1124,48.06411621350017
1125,29.486669516440305
1126,28.756764041046342
1127,48.95259660963169
1128,52.44060766665838
1129,40.15978230225065
1130,54.986937090943066
1131,53.374667896334955
1132,50.86331324448303
1133,49.40187611442661
1134,46.73479846210329
1135,29.73680753866089
1136,53.83597796780606
1137,48.70538247285532
1138,33.93658436333454
1139,57.15135734450958
1140,57.111640078645166
1141,57.63604748272943
1142,47.37045257573975
1143,32.111890411738216
1144,48.66966939925636
1145,54.82622056877392
1146,34.39883468870928
1147,44.0780078590167
1148,51.55279454855931
1149,29.953523757120823
1150,34.77466374158255
1151,38.82914874705669
1152,50.25283209300087
1153,47.994411859194976
1154,52.344115498744735
1155,55.872371268858
1156,48.42464806957045
1157,32.59994362260953
1158,57.648508314558896
1159,44.31724628449953
1160,37.070392662721375
1161,54.375293973260746
1162,28.64409533959267
1163,58.07307725281685
1164,47.10715884407575
1165,55.05912408061993
1166,47.17683885642258
1167,31.70559570462472
1168,45.64580215359468
1169,49.82604961802905
1170,57.14371998733167
1171,50.243778580460514
1172,47.31732905481375
1173,50.38242433092291
1174,27.279095613996343
1175,50.556732834154175
1176,39.843254843325205
1177,50.91690099743193
1178,49.422521420467845
1179,45.95267679456384
1180,54.09259554457859
1181,49.575674973611996
1182,47.36665813796871
1183,54.91802580986137
1184,37.782188795957794
1185,46.26614699536953
1186,31.319789589088895
1187,51.964630307239894
1188,55.85681334285098
1189,39.053289854277914
1190,48.55622644128322
1191,48.26775393598862
1192,31.596798120702704
1193,45.44608112417834
1194,30.823353288789107
1195,48.1214064498394
1196,49.90113296687854
1197,57.880887153523894
1198,38.84571482194478
1199,54.998267797718036
1200,50.0288983846894
1201,33.45286180821387
1202,29.528576778713568
1203,46.6732634278674
1204,29.069374692817693
1205,31.598737900966025
1206,46.04274587036922
1207,46.029962637380095
1208,33.916723999898295
1209,52.88419212377996
1210,45.66311478381949
1211,50.47496995325157
1212,43.62264845936213
1213,34.43552891769497
1214,47.689277229265265
1215,35.89633626144034
1216,51.007438843636486
1217,51.75859055675092
1218,27.71402273551917
1219,28.004676328814103
1220,51.2616283111003
1221,48.025804224885036
1222,43.44081198855916
1223,35.0675440514483
1224,42.57309557182872
1225,41.58999579382254
1226,30.649070338088414
1227,47.60190892555985
1228,46.14370672417358
1229,33.610659697589114
1230,29.923024197952312
1231,53.483805057477426
1232,23.580146847431482
1233,53.29411495655352
1234,31.68600149621805
1235,52.108810763973636
1236,51.635116088445
1237,46.21412810849506
1238,56.835982719235666
1239,51.121001576791876
1240,55.401454585930935
1241,26.46266221697043
1242,46.46616541721545
1243,26.83947686791054
1244,34.36978113396131
1245,54.01445925997182
1246,43.8156894054768
1247,49.8957910657004
1248,41.60844462124629
1249,49.99972211997629
1250,33.83242278132091
1251,27.62186809311475
1252,52.0634264860192
1253,25.271665321341022
1254,49.08001314719784
1255,36.595643368324545
1256,48.69630650966331
1257,52.25276014805791
1258,48.393846276844776
1259,52.73532421997096
1260,50.98885207505181
1261,45.86202702864508
1262,51.80502151337689
1263,26.23258839280152
1264,30.02458867316113
1265,25.360774077564916
1266,55.605439059259446
1267,31.42846019469209
1268,24.783635988689827
1269,55.60833952441626
1270,53.43940908731245
1271,29.67391080037706
1272,31.424501813599925
1273,55.300840125479695
1274,47.532766799229115
1275,38.74847837440962
1276,54.8114763421282
1277,45.677001821533366
1278,50.254334412726884
1279,42.7583877704639
1280,50.53893421998181
1281,51.19507050287839
1282,57.051139654660574
1283,44.33999302320691
1284,35.71146099761967
1285,30.458761599486287
1286,33.035119476412675
1287,48.52928262038013
1288,56.566184294980964
1289,49.633733017801546
1290,51.784120850919344
1291,39.287979504596635
1292,47.88133035208847
1293,53.5476913827476
1294,37.161101344136476
1295,35.0590442287753
1296,41.009151256386446
1297,50.500927376252584
1298,35.51552654284607
1299,47.27590368270069
1300,47.00231753863132
1301,32.77917425674116
1302,45.02868477430894
1303,32.64894969069122
1304,53.66427104744571
1305,48.82709353184995
1306,53.33143165587421
1307,51.97454972696213
1308,51.80078748972116
1309,55.88686585304887
1310,47.75222049447083
1311,52.05316917074517
1312,28.524834878499952
1313,47.52789332106668
1314,34.982112724125145
1315,43.74694850063189
1316,48.06878096578666
1317,34.241392702308026
1318,43.494530775511144
1319,44.565082171058606
1320,52.84255493729513
1321,31.337086353646093
1322,39.314724599031685
1323,51.891689423268154
1324,51.51196474960428
1325,58.06953865250139
1326,30.210743934358902
1327,54.87601581487021
1328,30.23828901077151
1329,34.534520252456296
1330,45.58750497491949
1331,46.11288269657728
1332,50.699939915762506
1333,53.16613114566943
1334,40.09154809995515
1335,31.434570021531908
1336,44.650898118115755
1337,54.951974223879205
1338,31.260995282284426
1339,57.7798272075385
1340,32.73965450336521
1341,32.75232221456251
1342,58.77019918460155
1343,55.436260767421274
1344,52.45646874087682
1345,52.59184163612238
1346,53.45258754497583
1347,35.811016140654125
1348,55.51884120377577
1349,30.34817953265343
1350,50.17587049873501
1351,48.07281679584866
1352,20.69113245811728
1353,45.02736041719632
1354,50.41156118615545
1355,41.49354864765437
1356,33.687883563250786
1357,31.984071257272376
1358,31.701929459091737
1359,57.15426414443617
1360,58.2797205693379
1361,23.351799730047283
1362,51.995513939206205
1363,47.70102053433557
1364,33.47369024099493
1365,47.191723596136576
1366,52.24007661481574
1367,55.81170224964206
1368,49.50708174024446
1369,50.49537506536851
1370,50.78840465019526
1371,47.05221359428625
1372,30.59265440958567
1373,52.64728935940504
1374,55.33390308085558
1375,35.742929939034944
1376,25.74142711472999
1377,48.25545670512739
1378,50.21579236017562
1379,45.115271739588096
1380,49.42484925329344
1381,30.26849474229587
1382,35.909461936479026
1383,33.76663262734845
1384,27.847986304406195
1385,28.466266575442457
1386,31.86515457941755
1387,37.44830927632332
1388,47.56789448186318
1389,32.47160788560942
1390,50.206144718744646
1391,46.27636670477492
1392,49.19380459648052
1393,52.626920190667725
1394,50.671329886142104
1395,44.909950142959275
1396,50.46605507860519
1397,52.941678064112295
1398,55.280279150686376
1399,58.30304170666872
1400,48.62622557910853
1401,50.807539449732225
1402,30.348373677806304
1403,39.42396103127574
1404,28.490581905765385
1405,58.160256936556976
1406,50.88875141125357
1407,50.6428731900929
1408,38.316798608505266
1409,27.032694263697685
1410,26.780666815560505
1411,28.865707174668064
1412,34.40805115190697
1413,45.32964801267224
1414,28.35039733303532
1415,24.44506909975279
1416,46.365444008242854
1417,51.11480536155999
1418,26.786797447767086
1419,51.31817155393836
1420,30.456847808037573
1421,52.57523559798318
1422,52.11525474942278
1423,28.49584802488418
1424,33.43789157588934
1425,33.95587175740344
1426,53.824162931748994
1427,51.43636534678075
1428,49.99032526182814
1429,24.828511750999713
1430,27.868448032152536
1431,44.95853581583002
1432,52.32669274882952
1433,50.079871986357034
1434,46.55692402353134
1435,32.360078514360566
1436,46.881098573793665
1437,47.15009058477661
1438,53.30470893777246
1439,50.182863144555
1440,53.38854538308088
1441,48.76244943786667
1442,41.304493174593105
1443,49.657839952268446
1444,51.05544809526572
1445,29.882979146805628
1446,51.80440387952081
1447,40.95199423276811
1448,52.519219925666484
1449,49.82314958026723
1450,48.72893914262255
1451,49.93839354093116
1452,56.5491464771958
1453,35.05924739846293
1454,33.98734992223847
1455,43.9474723575633
1456,56.12303622702956
1457,52.99309237916657
1458,57.24747729785438
1459,58.2908197332048
1460,47.05098821546189
1461,46.805297663588
1462,35.46564800321327
1463,50.5451463154056
1464,37.658691684851775
1465,49.95334173609855
1466,54.49824900185338
1467,51.79429257084855
1468,53.225010113847446
1469,53.89482230064453
1470,54.33846606665155
1471,39.63083737912706
1472,57.70446964791528
1473,55.274052050811186
1474,45.27232006986747
1475,48.26644483360617
1476,48.95146665080665
1477,42.52252474299004
1478,37.44516836276058
1479,37.91148363591594
1480,58.41801357956963
1481,51.43476425096414
1482,36.278654327341485
1483,32.86318025277806
1484,28.528237495947664
1485,35.0632912557629
1486,49.306197898911115
1487,53.22520732788184
1488,50.474459038446135
1489,34.53024936628491
1490,50.04321116909012
1491,31.970507962230094
1492,51.407405448351156
1493,56.42037263082003
1494,34.485279307766874
1495,35.772515663814815
1496,51.18182214533287
1497,54.889539535291874
1498,32.69334464095126
1499,51.56571956026196
1500,44.90683922502091
1501,47.66400980177514
1502,34.27217780727937
1503,31.105518781217775
1504,56.33486792261905
1505,51.31664559998283
1506,33.629970359971324
1507,49.24043405645998
1508,54.86097519595909
1509,52.4129906470547
1510,47.15672488929301
1511,44.921662932955975
1512,32.45315322250098
1513,45.51931076935368
1514,30.971493695450096
1515,30.105483803821173
1516,29.28116180948873
1517,31.56612068229633
1518,37.00114299349984
1519,36.32582992276982
1520,34.843177140532276
1521,44.24032168122948
1522,50.435761878828465
1523,29.240181676552748
1524,38.783682395169805
1525,29.363389733035064
1526,40.25604424478078
1527,53.92015573127586
1528,57.5877922396294
1529,26.23230153015227
1530,38.051680043549425
1531,45.018283896245904
1532,58.94191142786126
1533,32.44738264039896
1534,30.801198223142467
1535,50.96730461571516
1536,47.06135934393087
1537,36.10177609914446
1538,52.2580214075211
1539,44.89466836914523
1540,53.48822109474623
1541,56.55077043565224
1542,49.967491776722106
1543,51.43440907266197
1544,47.37457612044829
1545,50.57420528426044
1546,49.63373102188424
1547,32.126100589237865
1548,32.088343292674985
1549,27.5489291204386
1550,53.21319169938791
1551,52.41018479059915
1552,35.1690622381075
1553,42.53009467632383
1554,56.29543971429795
1555,33.049548959410345
1556,52.37546981422349
1557,49.302174243174875
1558,45.57401823044968
1559,47.502878845255786
1560,49.65033510485645
1561,37.40223238187595
1562,46.228353081699005
1563,29.983084470332212
1564,48.680077215682104
1565,58.2843674381244
1566,49.19348214868788
1567,47.65829954119494
1568,28.848656346942704
1569,50.76543154767758
1570,47.85146261217381
1571,56.092446388477306
1572,24.358784141604076
1573,46.044572567949636
1574,51.22312465655914
1575,30.357187106865393
1576,49.96763886849259
1577,46.372712118172586
1578,30.65836953079694
1579,48.50765429693727
1580,46.48267412062036
1581,56.996584723839874
1582,37.315893583466575
1583,34.61835822388849
1584,47.9073982474707
1585,31.21606619588398
1586,52.66917613047121
1587,33.464640477316
1588,46.167141758058854
1589,39.82812263250195
1590,45.85042239535253
1591,54.17679790708193
1592,49.19669722250006
1593,57.42358353648474
1594,32.6482422893011
1595,48.05892110132554
1596,49.47453352146749
1597,27.282467516239954
1598,48.94655142363665
1599,46.53531597511675
1600,27.758818954348918
1601,53.60760898315116
1602,50.573011013652604
1603,33.38236949496416
1604,39.09884449546801
1605,26.49070740421276
1606,47.869710720016485
1607,59.285737330849344
1608,41.725129862646874
1609,52.646203663468405
1610,31.460291665887507
1611,29.865927770852323
1612,47.28258167118599
1613,47.97142358217798
1614,49.37572455142871
1615,43.99285635145075
1616,54.31991137255324
1617,35.34956227718089
1618,45.70029397013503
1619,26.032529192883064
1620,45.457014478438914
1621,47.9735484212205
1622,49.730334329531935
1623,32.94291932788202
1624,45.317689205593005
1625,52.77957622128209
1626,34.7501073201605
1627,34.890036020701444
1628,51.98345401555298
1629,38.35393631963498
1630,29.51128791750918
1631,37.697034827441904
1632,26.06756213479432
1633,54.059776271300244
1634,34.45727073388499
1635,48.32923857858869
1636,31.857193189558785
1637,33.69428846448141
1638,52.8014610191198
1639,53.74419398492884
1640,31.428400394182553
1641,37.160934549192994
1642,59.12480073317617
1643,56.33189567819642
1644,48.21592901453433
1645,26.056389883344323
1646,46.3358464835395
1647,31.66898054462577
1648,41.83837115093207
1649,51.25836765144278
1650,60.11935939070103
1651,49.21891422705188
1652,44.53392787679585
1653,54.500119219535264
1654,29.50383569374721
1655,45.82189937172821
1656,58.1637740483964
1657,41.47285768136552
1658,52.12242977638529
1659,30.81139365082271
1660,48.68435967121573
1661,54.66819535860564
1662,35.027528884368394
1663,37.9724409409332
1664,53.90909714075671
1665,28.551475629601196
1666,46.3762247590217
1667,52.00221495148664
1668,33.28608680332095
1669,55.71190884161321
1670,51.14202645293519
1671,38.964299761138136
1672,48.15830705676217
1673,27.18114352577957
1674,31.06282893257403
1675,25.652174301476812
1676,30.473129944603034
1677,54.166549593438404
1678,34.36758815486655
1679,47.41952161160323
1680,42.771720549160534
1681,52.96846052264758
1682,45.47619710726553
1683,50.57098688457357
1684,37.5661220579191
1685,32.26197686214499
1686,45.960286520115304
1687,41.68581343350472
1688,55.84548296770149
1689,38.68179610139598
1690,36.792973182327046
1691,52.30865177121593
1692,32.47778852609893
1693,34.23410362902432
1694,49.993125205871884
1695,30.838564887518366
1696,25.942581753552304
1697,39.83985047782243
1698,49.06537151225043
1699,42.680092782930785
1700,28.573327919032558
1701,29.127971377034942
1702,23.273290279861875
1703,52.42886246890939
1704,30.956403538662737
1705,36.17562433139563
1706,51.81456207632974
1707,43.84807278059712
1708,57.5306936282746
1709,41.07907754397704
1710,56.93788867401883
1711,54.03103214011971
1712,48.5671565100637
1713,46.92169743773149
1714,49.862404338602225
1715,50.80861734534505
1716,44.95144060532847
1717,54.42340462751787
1718,34.52002453611188
1719,38.77092958397653
1720,26.121005275198986
1721,45.75769685410713
1722,50.56848137291373
1723,50.9657725383877
1724,32.92195174579657
1725,54.53422419886971
1726,45.59291517192583
1727,31.418382343877198
1728,44.995977094630156
1729,38.367846979126455
1730,32.97280772517182
1731,29.162857645703905
1732,32.328317102154465
1733,54.14437013992159
1734,51.9147105597687
1735,49.40481729104887
1736,32.32021940496838
1737,47.323634829348734
1738,59.82168852246562
1739,36.327845686857096
1740,40.20877874566121
1741,52.413885843062936
1742,33.16902504728617
1743,50.63030987867173
1744,29.40265258479792
1745,40.09446534433283
1746,46.5909985853496
1747,47.39766068783079
1748,32.805179620957695
1749,30.041423184003467
1750,55.6637118608933
1751,33.23574764740619
1752,49.05442426951436
1753,50.28807107060441
1754,42.685960246612886
1755,43.51493691639915
1756,55.956631755571586
1757,49.490983980904
1758,42.72797166990273
1759,32.18674568519705
1760,51.54071470656939
1761,33.405222091276755
1762,46.452089406833785
1763,56.44336577863383
1764,52.77899339877837
1765,58.69231016757568
1766,31.54706167776805
1767,53.123841741680444
1768,28.993450303746776
1769,50.42632967312259
1770,52.803238160112535
1771,62.58634848873244
1772,63.61200008556397
1773,36.503277789234346
1774,33.628921811079366
1775,31.702114231606373
1776,52.271983970117205
1777,50.33505483978549
1778,28.380551129930407
1779,44.26762735119778
1780,49.848619716934294
1781,30.943040874348775
1782,48.79154723625788
1783,27.86205570367787
1784,51.37952985876094
1785,52.06396548394926
1786,51.400088442356434
1787,49.905057039379344
1788,48.72633081639645
1789,54.145082916605276
1790,51.105495179219155
1791,56.2916706135393
1792,58.51896490869773
1793,48.62698042866639
1794,32.0563587321388
1795,51.453749499839404
1796,52.816693132230704
1797,50.319764713752356
1798,31.16243875016182
1799,49.050954049241284
1800,52.334757839217616
1801,56.07098969024646
1802,38.57122651110664
1803,43.508130823517845
1804,52.836685784860244
1805,32.94951711304715
1806,47.53130540844341
1807,48.010160270211834
1808,52.89653538742151
1809,33.84274784021887
1810,32.30695664793695
1811,32.58495234607986
1812,52.136375645054784
1813,38.42688181824461
1814,32.209178453855706
1815,33.94386122323206
1816,30.725872444491024
1817,53.913007259435346
1818,34.60883253105968
1819,53.61583167281881
1820,54.04821892921652
1821,43.15297450379946
1822,46.42012927886539
1823,45.58264264038666
1824,55.32570316545326
1825,33.695401287839445
1826,51.946304790817095
1827,51.98184182979797
1828,36.517637455646664
1829,41.33836631157779
1830,49.52629570331681
1831,51.86306949617761
1832,57.36492823424742
1833,30.763506674220018
1834,30.4153402140997
1835,31.538963496177935
1836,34.0324008129635
1837,51.53805229074985
1838,48.15669496618377
1839,32.35746041735739
1840,57.60975321597475
1841,48.34206243618005
1842,27.86589836939092
1843,55.85507568142946
1844,48.19683079183834
1845,35.88485092820169
1846,45.03836984414565
1847,34.26660630035945
1848,48.21968572013253
1849,55.2436669433436
1850,33.724307977421205
1851,52.02279914262429
1852,31.274959127740352
1853,53.86602769550256
1854,53.61219347036493
1855,55.27281675972893
1856,48.163769652701895
1857,53.412367646251674
1858,27.254331045080885
1859,53.57158929824215
1860,49.13352904547407
1861,32.86701505963679
1862,30.220675822562384
1863,60.26399660834887
1864,40.30643316308206
1865,53.227244421317586
1866,26.208779571310718
1867,51.215477908957325
1868,47.837533707325484
1869,48.286162479650876
1870,32.910242668912275
1871,46.37325903281726
1872,56.744776697869106
1873,48.74827519643155
1874,29.58266989239237
1875,53.26191613376228
1876,30.702425600005274
1877,53.23992851854857
1878,49.118069813932486
1879,32.00595468291795
1880,45.63741241279092
1881,48.96771707754763
1882,51.45192320789348
1883,35.156375280456984
1884,44.388391352468375
1885,50.55228666566267
1886,29.48415990487796
1887,55.63985884919369
1888,35.988541687758136
1889,53.56802438570259
1890,55.787244372693266
1891,46.48300747058194
1892,33.031404326897686
1893,55.244294909046644
1894,27.11062350924989
1895,57.162089024460144
1896,35.92318495082623
1897,39.87900534223887
1898,56.900855232516456
1899,60.237844967825794
1900,44.935159779690245
1901,52.14147264211705
1902,28.278974576435477
1903,35.880462104772846
1904,62.633978819940275
1905,31.762933386876682
1906,48.38805758089332
1907,55.07773537936667
1908,27.107793787001405
1909,48.64279178859812
1910,35.47790304833592
1911,21.575176107337754
1912,30.192851604501673
1913,46.29065077028322
1914,49.04739149775272
1915,32.340769220702725
1916,51.22788644492377
1917,49.688613311919696
1918,47.157411379841605
1919,49.114548235817
1920,46.4853261079899
1921,54.016249020664205
1922,35.0942135130239
1923,48.51133601592639
1924,30.095880210535437
1925,35.4138402937274
1926,31.233287485706484
1927,34.569683894088605
1928,54.791832153964144
1929,27.76163957845928
1930,48.071956811043634
1931,50.450375482065354
1932,47.42984736849856
1933,35.358713634138795
1934,52.32867011466692
1935,50.42248645502067
1936,53.680783649538824
1937,51.53045272441419
1938,55.47476564429857
1939,53.08335072566691
1940,48.90769305981242
1941,31.268663785951947
1942,51.12107862434026
1943,32.594775733520834
1944,50.901078958339234
1945,52.70885411354353
1946,55.18842334661992
1947,29.155828368526226
1948,35.35085021514011
1949,43.6149441732381
1950,55.84155532646679
1951,31.15808460300001
1952,32.489683803094536
1953,50.40084647135236
1954,25.8135941235215
1955,52.54984210203934
1956,32.70420494291904
1957,51.307622462464415
1958,57.39023022350004
1959,50.603550836702524
1960,48.816531187919665
1961,29.87744507694791
1962,36.09711757471852
1963,54.739261521665185
1964,50.421021593914304
1965,49.05203445348424
1966,55.915780041466284
1967,46.879713508736586
1968,36.99892115107377
1969,48.16689072435177
1970,31.745061823230742
1971,35.78847817652979
1972,25.691161800752397
1973,42.00621901857626
1974,55.62796289231402
1975,39.691033241464794
1976,48.10490873766109
1977,36.29317621567259
1978,44.9067934227113
1979,47.11860315723094
1980,51.28947026766016
1981,46.122862557650286
1982,32.13801330186695
1983,48.975296969202525
1984,35.18858704254505
1985,49.77947706224463
1986,52.44156033731823
1987,48.752537067117466
1988,52.26841965575303
1989,34.42623075895359
1990,48.96031591023717
1991,46.959785723538715
1992,51.00271874547727
1993,30.52374792849132
1994,31.231578576455746
1995,53.55939167070233
1996,51.70583402904491
1997,31.090115089898486
1998,51.99942298281867
1999,48.65642099371587
2000,45.35680598664198
2001,49.67762653975392
2002,25.905143231210584
2003,52.159380513778295
2004,49.68189165329071
2005,52.529150818881476
2006,45.01779357512286
2007,27.78508693243036
2008,30.207001386817986
2009,54.105020342479726
2010,52.14099159030961
2011,44.09110986955221
2012,47.174805592848756
2013,37.64215925001627
2014,49.52675400241135
2015,31.34193872546817
2016,43.78329623863567
2017,28.19314267221058
2018,44.96174414931146
2019,27.434330658219206
2020,38.009891392651106
2021,49.9226878658826
2022,31.09436278034479
2023,54.21216720078468
2024,51.2701437457882
2025,32.74778163961989
2026,47.999849901198125
2027,59.89318765520716
2028,46.197654876328606
2029,44.17198639331599
2030,32.22174328157747
2031,58.119652039506114
2032,36.074268977257496
2033,53.29392176053609
2034,50.707860966842496
2035,49.590640517769764
2036,57.50870153842506
2037,38.521502255923565
2038,52.74816948554326
2039,57.41496001317929
2040,47.00319828890121
2041,47.754781257574486
2042,44.25982378237822
2043,57.09210108204158
2044,44.8534174669215
2045,29.00129743505888
2046,48.532057398596386
2047,22.701960579232676
2048,28.995405998519853
2049,27.066738695942416
2050,48.411016186186934
2051,27.286362972567698
2052,45.18797488180559
2053,54.97822342724769
2054,40.55988423375494
2055,52.49766661174779
2056,48.400892073070686
2057,49.871750006246096
2058,30.750913732678047
2059,50.941120731924514
2060,51.959674996454744
2061,32.07923789418473
2062,30.4924568451439
2063,52.29490371797491
2064,54.91985089273947
2065,43.6242048199385
2066,55.15330574481893
2067,27.63922328119401
2068,36.735053078168676
2069,58.68499945534035
2070,34.90895079783011
2071,34.77728203653912
2072,50.105881579655374
2073,55.948409009243
2074,52.20799788207955
2075,48.59030095306326
2076,49.31973372861709
2077,51.903454443498404
2078,52.6736742649557
2079,56.264571643702915
2080,52.4963208225972
2081,47.03600435881014
2082,29.801613086473456
2083,50.63068114052752
2084,43.962935051372845
2085,34.3763484785928
2086,28.280827600215172
2087,44.1615301764146
2088,46.08303908710918
2089,52.849292705267594
2090,58.18603680795629
2091,44.85522299456321
2092,36.253498980377024
2093,29.97441249388341
2094,38.82241110022965
2095,47.19474003070908
2096,30.418967927599738
2097,37.36522625825418
2098,31.38773460684433
2099,52.28356840408019
2100,35.163787335596275
2101,52.46442868066955
2102,54.30128300490956
2103,39.3542357347515
2104,36.66092676212351
2105,43.45919147952249
2106,54.578503060288945
2107,52.319910832285366
2108,54.80753581435765
2109,36.64398661101658
2110,43.997758542666155
2111,52.21663216157634
2112,37.02725209704668
2113,55.0221475062986
2114,50.15661346596601
2115,48.10129646222403
2116,34.136941312029535
2117,54.82087112428353
2118,41.07467532474998
2119,49.42533558895181
2120,32.54604245467016
2121,30.76508317361546
2122,51.56656511770124
2123,58.77461556500693
2124,31.64771849781268
2125,29.886569819923515
2126,10.393577196876729
2127,42.43494610224954
2128,51.90841971719824
2129,28.64001836046638
2130,51.490445221281426
2131,46.641877626233324
2132,48.33538306596302
2133,35.77710817610491
2134,54.76957284671352
2135,36.08491904396177
2136,55.50542563413193
2137,33.3102803489221
2138,38.19945555513797
2139,52.50168115730064
2140,48.42486398013995
2141,32.60474227824427
2142,49.05039203936059
2143,53.190854408419284
2144,48.95518951776107
2145,37.301522604850845
2146,25.678150427909724
2147,29.823635066779346
2148,29.678880164889062
2149,53.56792414599684
2150,62.32977678063627
2151,49.48529982652741
2152,51.55108726709487
2153,45.7310474191821
2154,53.104516623881615
2155,27.608913079184166
2156,33.113225782613874
2157,43.8734303950631
2158,51.81266738516761
2159,55.65669304132972
2160,55.42146689891641
2161,53.6317581469736
2162,34.90039626752468
2163,47.91366839318951
2164,34.56190022892567
2165,47.930702804047364
2166,54.13621628944759
2167,33.32573559886986
2168,28.762882456701565
2169,38.17202181347105
2170,39.50383876896157
2171,38.714858038167726
2172,30.836344743232203
2173,34.667043497158204
2174,34.50405237565167
2175,56.37352366027871
2176,51.8867495043851
2177,53.913124835525174
2178,44.26386557910542
2179,27.996175782459478
2180,36.78064499016394
2181,31.841858883827136
2182,29.732732465709695
2183,23.87592477005955
2184,33.115883724754255
2185,53.59084896007648
2186,30.34563769151495
2187,26.559433660742577
2188,36.13921618402713
2189,36.81803459119913
2190,48.57830086604986
2191,37.74712499254924
2192,36.353523413918616
2193,47.916177681937825
2194,50.76217230497788
2195,32.876198853578224
2196,52.867579034950865
2197,48.97529564234989
2198,49.415723228564545
2199,29.528378244298143
2200,32.555038567856954
2201,57.61182533716993
2202,56.42083378967293
2203,49.168479980177146
2204,51.26781206071878
2205,48.815970375678354
2206,25.4501377513697
2207,53.76556176158024
2208,38.03404850961792
2209,29.05018858797433
2210,32.79989883538173
2211,36.52917502490825
2212,33.40550543791561
2213,53.926307501440235
2214,52.24118088103865
2215,51.36583856896663
2216,37.45107029559194
2217,48.35005984894612
2218,58.8313273903253
2219,29.95008301804898
2220,44.168864705260006
2221,58.513379491193184
2222,47.30124162552214
2223,54.79990418576794
2224,31.376496203054067
2225,34.066835307484666
2226,57.549630402080474
2227,45.38455852849478
2228,44.93905954481064
2229,31.581910138905233
2230,32.48534987732768
2231,40.17906148332185
2232,51.905643064839985
2233,44.33851208949853
2234,47.53375864701172
2235,30.5435880059779
2236,32.918811011393565
2237,52.71821768627144
2238,48.846472986283715
2239,51.45882939353854
2240,41.48745337023446
2241,48.56154982768249
2242,58.408442435100035
2243,56.01473978727319
2244,53.60476831376033
2245,33.2899907774983
2246,49.673688381711216
2247,46.11505462690861
2248,46.30637331262562
2249,32.49342982201103
2250,30.51312622151166
2251,30.670814519293508
2252,47.7941651122058
2253,47.019801793989934
2254,63.86710908844975
2255,35.06607745705956
2256,37.43325627427263
2257,37.15392941083188
2258,33.547820500442725
2259,35.525144439871404
2260,43.100703346380676
2261,51.488531448358046
2262,28.640527598343425
2263,59.48266557820836
2264,50.63439576238616
2265,32.096322778714836
2266,43.26200405875441
2267,51.026258421477735
2268,53.64837709241691
2269,59.01566207940942
2270,30.869388817925174
2271,51.162453385751085
2272,56.7576694813652
2273,48.42641771047169
2274,56.03206916253658
2275,47.274262011610254
2276,36.34287401220805
2277,25.684420690767702
2278,51.4174577623008
2279,49.57491788671334
2280,48.15134971443139
2281,53.72230071871281
2282,49.161074338812824
2283,27.0549546118288
2284,50.411467252031684
2285,57.161298550529075
2286,51.552574395520644
2287,48.879806448076174
2288,44.5986116799074
2289,49.26349383611584
2290,34.32383637592522
2291,29.918434856288254
2292,24.330666845844288
2293,35.37983693072111
2294,47.83955615245324
2295,52.20314885491114
2296,25.424833974055932
2297,31.66037425455622
2298,44.840943767968575
2299,50.89845407810294
2300,52.40714090668443
2301,48.833126833236776
2302,60.825283743470116
2303,55.98143854234855
2304,44.36993097404875
2305,49.21920373994717
2306,58.59683756827158
2307,34.6477634658662
2308,36.86595695283438
2309,35.723529709550334
2310,56.04467564984136
2311,28.932011522956085
2312,45.205360142254946
2313,51.348437567003124
2314,46.45465418364744
2315,51.573863820306116
2316,37.350366471481394
2317,53.65967348595808
2318,53.7438349173424
2319,28.39014584104236
2320,32.13852028977444
2321,45.177389799748155
2322,35.97729146781125
2323,34.47613975379604
2324,30.142686170467844
2325,26.007881252790717
2326,35.121510026995686
2327,52.7565783392383
2328,40.05365230859299
2329,50.18034170528742
2330,55.51379120925429
2331,36.41926278261817
2332,54.3251369976199
2333,35.285970082025386
2334,40.38401910680535
2335,56.30420140353205
2336,33.40139566175802
2337,36.956358755821306
2338,52.55517791743542
2339,44.40085801148283
2340,53.389644416184396
2341,34.78246477200405
2342,59.600340402170204
2343,33.93549680533006
2344,34.26894271755671
2345,27.56995527736914
2346,24.920843373920032
2347,52.55801203988919
2348,51.7167331519701
2349,34.75131098046113
2350,48.464091232915486
2351,33.187735848802404
2352,54.0951947385392
2353,29.873474390226647
2354,58.99025278672595
2355,43.67287966076178
2356,56.77911743945088
2357,36.636147736632424
2358,22.884374986506465
2359,49.94951855184661
2360,29.36809504707113
2361,47.51156144687458
2362,51.072093441812164
2363,52.136840824194316
2364,48.73988600507862
2365,21.990933497859924
2366,51.14530958530215
2367,44.54184014767745
2368,46.28910943305238
2369,31.234890216192262
2370,26.15679684879773
2371,55.45439405926081
2372,46.75312179243343
2373,57.22635213028474
2374,51.06289375195882
2375,46.93275182697124
2376,45.612766131422546
2377,50.26842088993184
2378,56.88019507410874
2379,49.40677645265977
2380,53.922730695664235
2381,51.1519967225143
2382,61.35824147990094
2383,53.490640230923994
2384,49.11555618360998
2385,48.461899074283394
2386,21.33349142900849
2387,50.39406655611625
2388,38.73116067937399
2389,42.509493150799074
2390,30.887397124437438
2391,31.6806778166099
2392,45.12173758979486
2393,40.654998441399506
2394,48.45151091704425
2395,22.794962349767736
2396,52.42476936331639
2397,45.45687716343556
2398,50.3622096269112
2399,47.86935776080984
2400,27.429747281023086
2401,52.3221308594218
2402,45.833719116784096
2403,50.801282709883175
2404,47.95730944581377
2405,35.73347443517145
2406,56.642122054775946
2407,47.38126874075351
2408,52.92581087874378
2409,50.69174707808043
2410,47.76346716801059
2411,35.824044275858405
2412,34.977645702807855
2413,46.5791544617484
2414,30.94409970209423
2415,45.87985173784848
2416,48.9999417001101
2417,47.337728619999545
2418,55.539536070740546
2419,32.63225498781176
2420,50.7644779547759
2421,48.026657470904745
2422,34.38350875700517
2423,32.205928967803175
2424,54.31836679942228
2425,28.603820915287113
2426,33.23251951714106
2427,29.86675396195094
2428,44.80553123393179
2429,37.35703681246633
2430,33.17882938204313
2431,35.35814976513973
2432,42.78159226616767
2433,34.36197435096487
2434,52.55404622977631
2435,48.19815445599501
2436,38.133697268865525
2437,50.11235538279833
2438,53.81561453093933
2439,51.59881525673216
2440,36.266821899041965
2441,46.105228864594665
2442,46.102288578531585
2443,42.914488383120435
2444,54.23648189350422
2445,54.57077648517779
2446,43.93220516495994
2447,30.251449810864234
2448,37.594854990572706
2449,33.10354258123974
2450,44.3736552472115
2451,27.729175845367227
2452,38.23813024368215
2453,57.138277513962144
2454,53.85886184493085
2455,32.99476247165238
2456,43.842686847145515
2457,31.316693680946265
2458,49.17200169456098
2459,32.96324798856132
2460,32.80303949998847
2461,34.621369706374985
2462,51.16027369211528
2463,54.67136222967558
2464,41.994656641550456
2465,29.102454310178754
2466,29.39440764141787
2467,34.33649666524338
2468,51.197069438392404
2469,54.91204115364355
2470,48.82150732740238
2471,47.617167682754065
2472,40.467357469718074
2473,47.184313512459106
2474,31.906186350729257
2475,47.431066408227025
2476,28.083312560664904
2477,53.73964013279785
2478,49.90997600839742
2479,51.42961466480498
2480,35.31148199272448
2481,53.02898368160523
2482,43.127767663703565
2483,50.57130925854439
2484,26.899168372694508
2485,33.294551205945304
2486,53.98555279488597
2487,35.76753449107911
2488,52.355606988812895
2489,31.66326180815697
2490,36.044138794046155
2491,49.79417229091186
2492,37.09825100463289
2493,53.183939758918534
2494,54.5897381601497
2495,45.3475431852047
2496,27.624615745296463
2497,45.902800053958764
2498,51.962892628339866
2499,43.71990644960567
2500,33.46950178787236
2501,47.771103768843474
2502,60.49269914081559
2503,48.48607637155662
2504,51.98515511597342
2505,51.353303341155176
2506,35.178733367318614
2507,47.29927219138138
2508,56.99375205626851
2509,45.85710396865004
2510,45.54919756096819
2511,50.380048948633956
2512,53.036188648756884
2513,51.47020841931101
2514,33.75525507337419
2515,36.8587819490552
2516,25.262913085629744
2517,44.780829839503745
2518,55.33878757037546
2519,34.50973434993706
2520,33.668474820598945
2521,56.438066362841
2522,48.15516488193478
2523,29.65853532628707
2524,33.936607248180415
2525,46.09084902814427
2526,32.70215539679041
2527,43.51803640508529
2528,50.34999368577708
2529,36.94556777441234
2530,43.183176249652334
2531,42.74188045800828
2532,54.52564794153607
2533,39.48339021682797
2534,49.515665087261596
2535,49.30622945578446
2536,55.762125275265504
2537,56.329648581757446
2538,47.787227651802716
2539,49.94315514983864
2540,46.937591597767714
2541,48.78146681837716
2542,46.43677780434432
2543,49.01489823773859
2544,35.238206735667625
2545,59.277473794848646
2546,49.07522729307319
2547,43.399470216171125
2548,56.91593687612685
2549,56.216700563831836
2550,29.266503714719672
2551,31.089501800964932
2552,29.29845557824272
2553,31.969693547425017
2554,30.02380508744642
2555,53.298790081544446
2556,58.28208776242773
2557,51.18478504702621
2558,37.373256492184176
2559,34.954437553158535
2560,49.772672532753035
2561,57.07336440790317
2562,49.20500182492126
2563,56.747757171887
2564,51.263099521997404
2565,39.73077608481625
2566,31.90623464090308
2567,37.59808206747417
2568,37.33421968177729
2569,54.58176951874911
2570,47.553108355058185
2571,49.02061341630669
2572,32.979425870545256
2573,30.885255816051476
2574,48.80573289480253
2575,29.354469614143305
2576,37.02463373881386
2577,50.229197928659545
2578,48.010142698385216
2579,50.90825761107118
2580,30.374035140825146
2581,40.95459639942833
2582,36.26066949611876
2583,45.034506280456554
2584,37.29731237319199
2585,35.085162511631566
2586,34.13114080197134
2587,49.75164436185217
2588,53.04727191777226
2589,29.205965079978544
2590,30.66214360508961
2591,47.041274483010795
2592,49.47986123752372
2593,34.54069033463575
2594,28.438562365162728
2595,50.067627100339934
2596,52.81272428626079
2597,56.15066236748952
2598,20.166330471114644
2599,32.50402745927643
2600,44.28404390819786
2601,41.20318305717552
2602,47.05662678651998
2603,44.358353543929994
2604,24.472953821639
2605,51.2763926542287
2606,46.61282751196672
2607,53.488607559026775
2608,45.3009993729447
2609,53.472934318454215
2610,57.957116611153936
2611,35.97136682840544
2612,49.423811542382715
2613,43.259476365797426
2614,54.787317564284585
2615,46.01826074178146
2616,47.0445621952521
2617,49.456798672128095
2618,47.47960743422707
2619,57.74229536482707
2620,52.42123162041807
2621,51.563741801937645
2622,56.05844405976568
2623,61.226678665825126
2624,56.03795199092986
2625,46.83725993240926
2626,36.24750360444178
2627,43.645439580329665
2628,52.70311814668382
2629,54.41265125181526
2630,32.494283291980835
2631,24.793129577279142
2632,36.61172678795915
2633,35.24384914702612
2634,60.50568215209399
2635,52.32906522906878
2636,48.72007491390596
2637,32.242757525407875
2638,51.887579857028946
2639,35.88105130170046
2640,44.74112271674346
2641,51.1359011336475
2642,52.62871205942749
2643,40.98414731744949
2644,50.163598597110926
2645,47.472910040110264
2646,33.29605479404969
2647,26.516618303532056
2648,34.90687813655435
2649,49.337738288621814
2650,50.453143496103074
2651,33.295344178116366
2652,49.60694057763709
2653,49.15020805958859
2654,29.300515802244956
2655,43.96582882342953
2656,33.74407022299165
2657,51.10499376407275
2658,44.36655549809
2659,49.28570238537811
2660,48.52040426671537
2661,40.38623366526049
2662,25.313954125240056
2663,50.45306707579435
2664,31.182281132180925
2665,35.009776640441494
2666,37.61811296489536
2667,47.86164343623645
2668,64.51815180049734
2669,37.6911373013696
2670,48.97785219636258
2671,28.160668075294314
2672,38.8525564685063
2673,47.84813801956634
2674,48.521481922374235
2675,29.911638647022446
2676,54.0434766371187
2677,39.971023532571756
2678,48.31932862062347
2679,35.81328632130463
2680,52.43278340705739
2681,47.277946444677276
2682,29.057487672755713
2683,48.77857618624284
2684,48.21712437987245
2685,55.56552024384664
2686,51.3787010076378
2687,33.56752942170015
2688,48.69720242788373
2689,50.73916290901502
2690,53.539896265555065
2691,51.13369303542934
2692,45.13723395192436
2693,54.05865679458769
2694,31.154106412160395
2695,35.58920992716271
2696,43.078505690685404
2697,37.52890599205157
2698,57.65160146210262
2699,28.768704008769248
2700,24.123919535414952
2701,48.293775993796494
2702,49.5756660500678
2703,53.267781306456776
2704,51.55950973422626
2705,48.270535287908665
2706,46.31073503890855
2707,51.80621059711382
2708,33.794085170902115
2709,27.900479430467573
2710,56.4036681040164
2711,46.69294766660728
2712,37.97361895139373
2713,58.9000431052708
2714,35.38719574939054
2715,51.0033175917394
2716,43.90946543325194
2717,50.524599808061076
2718,34.410796003650994
2719,46.858862891308384
2720,41.53544412886132
2721,31.38480804221868
2722,24.873968507807998
2723,51.13958753347302
2724,25.87924051765563
2725,50.82977410318668
2726,37.15855412311136
2727,44.75116127111022
2728,38.9789538058507
2729,44.49062669839758
2730,50.80423939010941
2731,36.33328319624448
2732,51.4606113640054
2733,35.94346482173419
2734,54.61716648307235
2735,42.84496329625961
2736,54.23096870100756
2737,48.599884865897685
2738,54.053698904770954
2739,49.25114596360673
2740,44.58834727841699
2741,40.29138469822803
2742,35.72495223374524
2743,46.54586633981863
2744,31.25624692509819
2745,59.20296644122509
2746,48.93618308030725
2747,46.47214679360738
2748,22.27381477443153
2749,28.52728476865088
2750,55.6851747135092
2751,30.421372947033483
2752,54.4110440145836
2753,53.12434966016778
2754,48.658054350676544
2755,37.116637411770256
2756,48.322130275242955
2757,30.33201891735361
2758,56.69712690849071
2759,45.17343145477462
2760,51.96268556346451
2761,52.326427265550016
2762,51.2720798377841
2763,46.1549304596291
2764,50.305881144296954
2765,46.17116835136494
2766,51.87174470082839
2767,49.73103366829902
2768,44.74979307850297
2769,33.984600726876664
2770,57.056567000915884
2771,52.476551852124885
2772,47.3237240781867
2773,49.11563961258587
2774,54.47903657955814
2775,32.51594729726461
2776,47.95507950525963
2777,29.15260850555766
2778,50.734528958212515
2779,33.3755290916949
2780,53.547396333136234
2781,30.794073489147795
2782,33.91605057066594
2783,52.648591398261
2784,30.096474611523874
2785,42.65167839699376
2786,55.55695087711818
2787,33.795057485833894
2788,27.382126122525282
2789,32.24206144442647
2790,30.24919421827967
2791,56.658653497020055
2792,28.247158831243773
2793,30.740133892191796
2794,51.656349396573056
2795,38.87813755416047
2796,49.382517918961284
2797,51.89043613360603
2798,29.237838537309674
2799,45.46609429566036
2800,45.37795971610446
2801,55.02839275647578
2802,33.21450422883611
2803,49.65922050557923
2804,52.69224634822911
2805,36.098691253756904
2806,36.40456519034107
2807,48.88218968162356
2808,48.237300454694626
2809,51.77484926253634
2810,26.806941628213714
2811,50.318089270584935
2812,48.78938813976909
2813,53.60504181177363
2814,52.39420641069507
2815,40.13339068278055
2816,32.46677334011036
2817,48.70843300768764
2818,33.789090672193346
2819,34.895600099275065
2820,35.014230472627425
2821,37.44508934194645
2822,35.64665095927555
2823,45.737499701313375
2824,34.33828316457629
2825,53.147305129450515
2826,53.90663561583408
2827,53.32255340538154
2828,29.73860266549537
2829,41.279954730827924
2830,47.9746056229918
2831,59.14528265248961
2832,39.23242880138093
2833,50.93667092247636
2834,40.733681389818365
2835,55.65463492701397
2836,49.56945847947677
2837,41.90715990191287
2838,54.1436563363643
2839,49.55052310332894
2840,27.130438904769647
2841,50.4601638572692
2842,44.90780907471832
2843,54.52223149845559
2844,52.38715094004208
2845,50.861499898141
2846,23.10169216819937
2847,34.806655843146935
2848,48.305547151549625
2849,52.70025238066313
2850,50.08240639845038
2851,54.54565619426626
2852,31.868509117258988
2853,28.01035037661691
2854,43.45465240904403
2855,49.12456330151997
2856,50.509914097172135
2857,44.34709234587713
2858,47.70901411286861
2859,26.40467137475108
2860,51.982016957704744
2861,35.58569837096943
2862,54.09741320647918
2863,47.02832762763942
2864,51.737093997526145
2865,47.43192180291697
2866,48.62142802856992
2867,51.58623751502813
2868,58.4581117743427
2869,36.367937197978215
2870,36.68043305949278
2871,29.294274419578244
2872,52.52891169919826
2873,29.35689492727433
2874,52.967016528599125
2875,55.675024620395924
2876,52.95479610190237
2877,50.096846407517795
2878,43.58857926787087
2879,55.14151192793687
2880,47.854350399249114
2881,45.26480319713488
2882,38.377275656799
2883,55.51235171151789
2884,42.324199730152685
2885,53.19975967064357
2886,49.2328586289114
2887,27.397077403100297
2888,58.31142425155496
2889,50.118778044818235
2890,37.95169496351139
2891,45.71261135584324
2892,30.931563881398397
2893,55.35579370342698
2894,56.846078878718416
2895,50.406194581777754
2896,53.1390384921394
2897,35.99141418373941
2898,46.855172729868904
2899,52.08626671011916
2900,58.67340993364856
2901,48.91633275255451
2902,53.213674086869794
2903,34.45473894885397
2904,48.55230849552046
2905,48.872488554572534
2906,30.979123653506907
2907,49.034521752978286
2908,35.31550386034786
2909,57.98534033766767
2910,56.88610337105999
2911,31.458715607525313
2912,32.13741192394389
2913,49.26040664948573
2914,54.818955108989776
2915,44.678600769043335
2916,47.46974874422584
2917,48.83014906482843
2918,55.883831076792454
2919,58.308675144902956
2920,50.483824615365705
2921,26.4432373311494
2922,54.02321182879518
2923,52.63227603571902
2924,35.20033193025637
2925,37.77153226825147
2926,33.67646682736857
2927,36.98764715823715
2928,57.22853171838275
2929,50.74223728074147
2930,48.24651790324355
2931,53.22257758063432
2932,56.091956062938486
2933,51.14052212885676
2934,49.085541016879915
2935,51.22342444933255
2936,53.809086237548655
2937,47.43436191714111
2938,51.5252402956194
2939,51.072530003945964
2940,53.52072668715179
2941,49.05514606005713
2942,55.96547934595565
2943,22.147411139737216
2944,46.82321958554769
2945,36.48777210963157
2946,28.567325067260498
2947,51.63793253785941
2948,52.510235852377456
2949,52.57514613303052
2950,52.68643199679818
2951,49.883957099203386
2952,35.86337482136463
2953,27.168094609047696
2954,30.51862099617532
2955,57.656950885784696
2956,40.56092113001204
2957,36.62447216495141
2958,47.39533264762704
2959,35.09547645368819
2960,56.30421870945915
2961,51.61767059904945
2962,34.25336551689606
2963,33.357699656572414
2964,56.56666819426785
2965,56.299925084239945
2966,32.809925487224845
2967,56.61932581975614
2968,34.273214649862716
2969,48.85116471020084
2970,37.629923557513706
2971,50.51920106005899
2972,53.931068261823185
2973,50.05698995461427
2974,53.52857355917176
2975,47.00640498244366
2976,31.691621548247383
2977,52.21866978949767
2978,48.73771773642734
2979,48.580890349324605
2980,54.619954021075976
2981,29.187425811894755
2982,55.07124033694491
2983,26.309459998293942
2984,42.49780766927906
2985,55.12217917972042
2986,47.14344916123677
2987,45.32167927275368
2988,52.86484830833085
2989,29.881470711232133
2990,26.840962033011856
2991,32.1188611138737
2992,27.378615604581793
2993,50.26920171572856
2994,47.01608600968349
2995,32.138217669098715
2996,50.304212932273046
2997,45.14425734033241
2998,30.760159572807897
2999,45.52972026766359
